0 0,1,2,3,4
1 5,6,7,8,9
2 10,11,12,13
3 14,15,16,17
4 18,19,20,21,22
5 23,24,25,26,27
6 28,29,30,31,32
7 33,34,35,36,37
8 38,39,40,41
9 42,43,44,45,46
10 47,48,49
11 50,51,52
12 53,54,55,56,57
13 58,59,60,61,62
14 63,64,65
15 66,67,68,69
16 70,71,72,73,74
17 75,76,77,78
18 79,80,81,82,83
19 84,85,86,87
20 88,89,90
21 91,92,93,94
22 95,96,97,98,99
23 100,101,102
24 103,104,105,106,107
25 108,109,110,111
26 112,113,114
27 115,116,117,118,119
28 120,121,122,123
29 124,125,126,127
30 128,129,130,131,132
31 133,134,135,136,137
32 138,139,140,141,142
33 143,144,145,146
34 147,148,149,150,151
35 152,153,154,155
36 156,157,158,159
37 160,161,162,163
38 164,165,166,167,168
39 169,170,171
40 172,173,174,175,176
41 177,178,179,180,181
42 182,183,184,185
43 186,187,188
44 189,190,191,192
45 193,194,195
46 196,197,198
47 199,200,201,202,203
48 204,205,206,207,208
49 209,210,211
50 212,213,214,215
51 216,217,218,219,220
52 221,222,223,224
53 225,226,227,228
54 229,230,231
55 232,233,234,235
56 236,237,238
57 239,240,241,242,243
58 244,245,246
59 247,248,249,250,251
60 252,253,254,255
61 256,257,258,259
62 260,261,262,263,264
63 265,266,267,268,269
64 270,271,272,273
65 274,275,276,277
66 278,279,280
67 281,282,283,284
68 285,286,287,288,289
69 290,291,292
70 293,294,295
71 296,297,298,299,300
72 301,302,303,304,305
73 306,307,308,309
74 310,311,312,313,314
75 315,316,317,318
76 319,320,321
77 322,323,324
78 325,326,327,328
79 329,330,331
80 332,333,334,335
81 336,337,338,339
82 340,341,342
83 343,344,345,346,347
84 348,349,350,351
85 352,353,354,355
86 356,357,358,359,360
87 361,362,363,364,365
88 366,367,368
89 369,370,371,372
90 373,374,375,376,377
91 378,379,380
92 381,382,383,384
93 385,386,387,388,389
94 390,391,392,393,394
95 395,396,397,398,399
96 400,401,402,403,404
97 405,406,407
98 408,409,410,411,412
99 413,414,415,416
100 417,418,419
101 420,421,422,423,424
102 425,426,427
103 428,429,430,431
104 432,433,434
105 435,436,437,438,439
106 440,441,442,443
107 444,445,446,447,448
108 449,450,451,452,453
109 454,455,456,457,458
110 459,460,461,462,463
111 464,465,466,467,468
112 469,470,471
113 472,473,474,475,476
114 477,478,479
115 480,481,482,483
116 484,485,486,487,488
117 489,490,491,492
118 493,494,495,496,497
119 498,499,500,501
120 502,503,504,505
121 506,507,508
122 509,510,511,512
123 513,514,515,516,517
124 518,519,520,521
125 522,523,524,525,526
126 527,528,529,530,531
127 532,533,534,535
128 536,537,538,539,540
129 541,542,543
130 544,545,546,547,548
131 549,550,551,552,553
132 554,555,556,557,558
133 559,560,561,562,563
134 564,565,566
135 567,568,569,570
136 571,572,573,574,575
137 576,577,578
138 579,580,581,582
139 583,584,585
140 586,587,588,589
141 590,591,592,593,594
142 595,596,597
143 598,599,600,601,602
144 603,604,605,606
145 607,608,609
146 610,611,612
147 613,614,615
148 616,617,618
149 619,620,621
150 622,623,624,625
151 626,627,628,629
152 630,631,632,633,634
153 635,636,637
154 638,639,640,641
155 642,643,644,645
156 646,647,648,649
157 650,651,652
158 653,654,655
159 656,657,658
160 659,660,661,662,663
161 664,665,666,667,668
162 669,670,671,672,673
163 674,675,676,677,678
164 679,680,681,682
165 683,684,685,686,687
166 688,689,690
167 691,692,693
168 694,695,696,697,698
169 699,700,701,702,703
170 704,705,706,707,708
171 709,710,711
172 712,713,714,715
173 716,717,718,719
174 720,721,722
175 723,724,725
176 726,727,728,729,730
177 731,732,733,734,735
178 736,737,738,739
179 740,741,742,743
180 744,745,746,747
181 748,749,750,751,752
182 753,754,755
183 756,757,758
184 759,760,761,762,763
185 764,765,766,767,768
186 769,770,771,772
187 773,774,775,776,777
188 778,779,780
189 781,782,783
190 784,785,786,787
191 788,789,790,791,792
192 793,794,795,796
193 797,798,799
194 800,801,802
195 803,804,805,806
196 807,808,809
197 810,811,812,813
198 814,815,816,817,818
199 819,820,821,822,823
200 824,825,826,827,828
201 829,830,831,832,833
202 834,835,836
203 837,838,839
204 840,841,842,843
205 844,845,846
206 847,848,849,850
207 851,852,853,854,855
208 856,857,858,859,860
209 861,862,863,864,865
210 866,867,868
211 869,870,871,872
212 873,874,875,876
213 877,878,879
214 880,881,882,883,884
215 885,886,887,888
216 889,890,891
217 892,893,894,895
218 896,897,898
219 899,900,901,902,903
220 904,905,906,907,908
221 909,910,911,912,913
222 914,915,916
223 917,918,919,920,921
224 922,923,924
225 925,926,927
226 928,929,930,931,932
227 933,934,935,936
228 937,938,939,940
229 941,942,943,944
230 945,946,947
231 948,949,950
232 951,952,953
233 954,955,956
234 957,958,959,960
235 961,962,963,964
236 965,966,967,968
237 969,970,971,972
238 973,974,975
239 976,977,978
240 979,980,981,982,983
241 984,985,986,987
242 988,989,990,991
243 992,993,994,995
244 996,997,998,999,1000
245 1001,1002,1003,1004
246 1005,1006,1007,1008
247 1009,1010,1011
248 1012,1013,1014,1015,1016
249 1017,1018,1019,1020,1021
250 1022,1023,1024,1025,1026
251 1027,1028,1029,1030,1031
252 1032,1033,1034
253 1035,1036,1037
254 1038,1039,1040,1041,1042
255 1043,1044,1045,1046
256 1047,1048,1049,1050,1051
257 1052,1053,1054
258 1055,1056,1057
259 1058,1059,1060,1061
260 1062,1063,1064,1065
261 1066,1067,1068,1069
262 1070,1071,1072
263 1073,1074,1075,1076,1077
264 1078,1079,1080
265 1081,1082,1083
266 1084,1085,1086,1087
267 1088,1089,1090,1091
268 1092,1093,1094,1095,1096
269 1097,1098,1099,1100,1101
270 1102,1103,1104
271 1105,1106,1107,1108,1109
272 1110,1111,1112,1113
273 1114,1115,1116,1117,1118
274 1119,1120,1121,1122,1123
275 1124,1125,1126,1127
276 1128,1129,1130
277 1131,1132,1133,1134,1135
278 1136,1137,1138
279 1139,1140,1141
280 1142,1143,1144,1145
281 1146,1147,1148,1149
282 1150,1151,1152,1153,1154
283 1155,1156,1157,1158
284 1159,1160,1161,1162,1163
285 1164,1165,1166,1167
286 1168,1169,1170
287 1171,1172,1173,1174
288 1175,1176,1177,1178
289 1179,1180,1181,1182,1183
290 1184,1185,1186
291 1187,1188,1189,1190,1191
292 1192,1193,1194,1195
293 1196,1197,1198
294 1199,1200,1201
295 1202,1203,1204,1205
296 1206,1207,1208,1209
297 1210,1211,1212,1213,1214
298 1215,1216,1217,1218,1219
299 1220,1221,1222,1223
300 1224,1225,1226
301 1227,1228,1229
302 1230,1231,1232,1233,1234
303 1235,1236,1237,1238,1239
304 1240,1241,1242
305 1243,1244,1245
306 1246,1247,1248,1249
307 1250,1251,1252
308 1253,1254,1255,1256,1257
309 1258,1259,1260,1261
310 1262,1263,1264,1265,1266
311 1267,1268,1269,1270,1271
312 1272,1273,1274,1275,1276
313 1277,1278,1279,1280,1281
314 1282,1283,1284,1285,1286
315 1287,1288,1289,1290
316 1291,1292,1293,1294,1295
317 1296,1297,1298,1299
318 1300,1301,1302,1303,1304
319 1305,1306,1307,1308,1309
320 1310,1311,1312,1313,1314
321 1315,1316,1317
322 1318,1319,1320
323 1321,1322,1323,1324,1325
324 1326,1327,1328,1329
325 1330,1331,1332,1333,1334
326 1335,1336,1337,1338,1339
327 1340,1341,1342
328 1343,1344,1345,1346,1347
329 1348,1349,1350,1351,1352
330 1353,1354,1355,1356,1357
331 1358,1359,1360,1361
332 1362,1363,1364
333 1365,1366,1367,1368,1369
334 1370,1371,1372
335 1373,1374,1375,1376,1377
336 1378,1379,1380
337 1381,1382,1383,1384,1385
338 1386,1387,1388,1389,1390
339 1391,1392,1393
340 1394,1395,1396,1397
341 1398,1399,1400,1401,1402
342 1403,1404,1405,1406
343 1407,1408,1409
344 1410,1411,1412,1413,1414
345 1415,1416,1417
346 1418,1419,1420,1421,1422
347 1423,1424,1425,1426
348 1427,1428,1429,1430
349 1431,1432,1433
350 1434,1435,1436,1437
351 1438,1439,1440,1441
352 1442,1443,1444
353 1445,1446,1447,1448,1449
354 1450,1451,1452,1453,1454
355 1455,1456,1457,1458,1459
356 1460,1461,1462,1463,1464
357 1465,1466,1467,1468
358 1469,1470,1471
359 1472,1473,1474
360 1475,1476,1477,1478
361 1479,1480,1481,1482
362 1483,1484,1485,1486,1487
363 1488,1489,1490,1491,1492
364 1493,1494,1495
365 1496,1497,1498
366 1499,1500,1501,1502,1503
367 1504,1505,1506,1507
368 1508,1509,1510,1511,1512
369 1513,1514,1515,1516,1517
370 1518,1519,1520
371 1521,1522,1523,1524
372 1525,1526,1527
373 1528,1529,1530,1531,1532
374 1533,1534,1535
375 1536,1537,1538,1539
376 1540,1541,1542
377 1543,1544,1545
378 1546,1547,1548,1549
379 1550,1551,1552,1553
380 1554,1555,1556
381 1557,1558,1559,1560,1561
382 1562,1563,1564
383 1565,1566,1567,1568,1569
384 1570,1571,1572
385 1573,1574,1575
386 1576,1577,1578,1579,1580
387 1581,1582,1583,1584
388 1585,1586,1587
389 1588,1589,1590,1591
390 1592,1593,1594,1595,1596
391 1597,1598,1599
392 1600,1601,1602
393 1603,1604,1605
394 1606,1607,1608
395 1609,1610,1611
396 1612,1613,1614,1615
397 1616,1617,1618,1619,1620
398 1621,1622,1623,1624
399 1625,1626,1627
400 1628,1629,1630,1631
401 1632,1633,1634,1635,1636
402 1637,1638,1639
403 1640,1641,1642,1643,1644
404 1645,1646,1647,1648,1649
405 1650,1651,1652,1653
406 1654,1655,1656,1657,1658
407 1659,1660,1661,1662
408 1663,1664,1665,1666
409 1667,1668,1669,1670,1671
410 1672,1673,1674,1675,1676
411 1677,1678,1679,1680
412 1681,1682,1683,1684
413 1685,1686,1687,1688
414 1689,1690,1691,1692,1693
415 1694,1695,1696,1697,1698
416 1699,1700,1701,1702
417 1703,1704,1705,1706,1707
418 1708,1709,1710,1711,1712
419 1713,1714,1715,1716,1717
420 1718,1719,1720,1721,1722
421 1723,1724,1725,1726,1727
422 1728,1729,1730,1731
423 1732,1733,1734
424 1735,1736,1737,1738,1739
425 1740,1741,1742,1743,1744
426 1745,1746,1747,1748,1749
427 1750,1751,1752
428 1753,1754,1755
429 1756,1757,1758
430 1759,1760,1761
431 1762,1763,1764
432 1765,1766,1767,1768,1769
433 1770,1771,1772,1773,1774
434 1775,1776,1777,1778,1779
435 1780,1781,1782
436 1783,1784,1785
437 1786,1787,1788,1789
438 1790,1791,1792
439 1793,1794,1795
440 1796,1797,1798,1799,1800
441 1801,1802,1803,1804,1805
442 1806,1807,1808,1809,1810
443 1811,1812,1813,1814
444 1815,1816,1817,1818,1819
445 1820,1821,1822
446 1823,1824,1825,1826,1827
447 1828,1829,1830
448 1831,1832,1833,1834,1835
449 1836,1837,1838,1839
450 1840,1841,1842
451 1843,1844,1845,1846
452 1847,1848,1849,1850,1851
453 1852,1853,1854
454 1855,1856,1857,1858
455 1859,1860,1861,1862
456 1863,1864,1865,1866
457 1867,1868,1869
458 1870,1871,1872,1873,1874
459 1875,1876,1877,1878,1879
460 1880,1881,1882
461 1883,1884,1885
462 1886,1887,1888,1889,1890
463 1891,1892,1893
464 1894,1895,1896
465 1897,1898,1899,1900,1901
466 1902,1903,1904,1905
467 1906,1907,1908,1909
468 1910,1911,1912,1913
469 1914,1915,1916,1917,1918
470 1919,1920,1921,1922
471 1923,1924,1925,1926
472 1927,1928,1929,1930
473 1931,1932,1933
474 1934,1935,1936,1937,1938
475 1939,1940,1941,1942,1943
476 1944,1945,1946,1947
477 1948,1949,1950,1951
478 1952,1953,1954
479 1955,1956,1957,1958
480 1959,1960,1961
481 1962,1963,1964
482 1965,1966,1967,1968,1969
483 1970,1971,1972,1973,1974
484 1975,1976,1977,1978
485 1979,1980,1981
486 1982,1983,1984,1985,1986
487 1987,1988,1989,1990,1991
488 1992,1993,1994,1995
489 1996,1997,1998,1999
490 2000,2001,2002,2003,2004
491 2005,2006,2007
492 2008,2009,2010,2011
493 2012,2013,2014
494 2015,2016,2017
495 2018,2019,2020,2021
496 2022,2023,2024
497 2025,2026,2027,2028
498 2029,2030,2031
499 2032,2033,2034
500 2035,2036,2037,2038
501 2039,2040,2041,2042
502 2043,2044,2045,2046
503 2047,2048,2049,2050,2051
504 2052,2053,2054
505 2055,2056,2057
506 2058,2059,2060,2061
507 2062,2063,2064
508 2065,2066,2067,2068
509 2069,2070,2071,2072,2073
510 2074,2075,2076,2077,2078
511 2079,2080,2081,2082
512 2083,2084,2085,2086,2087
513 2088,2089,2090,2091,2092
514 2093,2094,2095
515 2096,2097,2098
516 2099,2100,2101,2102
517 2103,2104,2105,2106
518 2107,2108,2109,2110,2111
519 2112,2113,2114
520 2115,2116,2117,2118
521 2119,2120,2121,2122
522 2123,2124,2125
523 2126,2127,2128,2129,2130
524 2131,2132,2133,2134
525 2135,2136,2137,2138
526 2139,2140,2141,2142
527 2143,2144,2145,2146
528 2147,2148,2149,2150
529 2151,2152,2153
530 2154,2155,2156
531 2157,2158,2159,2160
532 2161,2162,2163,2164,2165
533 2166,2167,2168
534 2169,2170,2171
535 2172,2173,2174,2175,2176
536 2177,2178,2179,2180
537 2181,2182,2183
538 2184,2185,2186,2187,2188
539 2189,2190,2191,2192
540 2193,2194,2195,2196,2197
541 2198,2199,2200,2201
542 2202,2203,2204,2205
543 2206,2207,2208,2209
544 2210,2211,2212,2213,2214
545 2215,2216,2217
546 2218,2219,2220,2221
547 2222,2223,2224
548 2225,2226,2227,2228
549 2229,2230,2231,2232
550 2233,2234,2235,2236,2237
551 2238,2239,2240
552 2241,2242,2243
553 2244,2245,2246,2247
554 2248,2249,2250,2251
555 2252,2253,2254,2255,2256
556 2257,2258,2259,2260,2261
557 2262,2263,2264
558 2265,2266,2267,2268
559 2269,2270,2271,2272,2273
560 2274,2275,2276
561 2277,2278,2279,2280
562 2281,2282,2283,2284,2285
563 2286,2287,2288,2289,2290
564 2291,2292,2293
565 2294,2295,2296,2297
566 2298,2299,2300,2301
567 2302,2303,2304,2305
568 2306,2307,2308,2309,2310
569 2311,2312,2313,2314,2315
570 2316,2317,2318,2319,2320
571 2321,2322,2323,2324,2325
572 2326,2327,2328,2329
573 2330,2331,2332
574 2333,2334,2335
575 2336,2337,2338
576 2339,2340,2341
577 2342,2343,2344
578 2345,2346,2347,2348
579 2349,2350,2351,2352
580 2353,2354,2355,2356,2357
581 2358,2359,2360,2361,2362
582 2363,2364,2365
583 2366,2367,2368,2369
584 2370,2371,2372,2373,2374
585 2375,2376,2377,2378
586 2379,2380,2381,2382
587 2383,2384,2385
588 2386,2387,2388
589 2389,2390,2391,2392,2393
590 2394,2395,2396
591 2397,2398,2399,2400
592 2401,2402,2403
593 2404,2405,2406,2407
594 2408,2409,2410,2411,2412
595 2413,2414,2415,2416
596 2417,2418,2419
597 2420,2421,2422,2423
598 2424,2425,2426
599 2427,2428,2429,2430
600 2431,2432,2433,2434,2435
601 2436,2437,2438,2439
602 2440,2441,2442,2443
603 2444,2445,2446
604 2447,2448,2449,2450,2451
605 2452,2453,2454,2455,2456
606 2457,2458,2459
607 2460,2461,2462
608 2463,2464,2465,2466,2467
609 2468,2469,2470,2471
610 2472,2473,2474,2475,2476
611 2477,2478,2479,2480,2481
612 2482,2483,2484,2485
613 2486,2487,2488
614 2489,2490,2491
615 2492,2493,2494
616 2495,2496,2497,2498
617 2499,2500,2501
618 2502,2503,2504,2505,2506
619 2507,2508,2509,2510
620 2511,2512,2513
621 2514,2515,2516
622 2517,2518,2519,2520,2521
623 2522,2523,2524,2525,2526
624 2527,2528,2529
625 2530,2531,2532,2533
626 2534,2535,2536,2537
627 2538,2539,2540,2541
628 2542,2543,2544
629 2545,2546,2547,2548,2549
630 2550,2551,2552
631 2553,2554,2555,2556
632 2557,2558,2559
633 2560,2561,2562,2563,2564
634 2565,2566,2567,2568,2569
635 2570,2571,2572,2573
636 2574,2575,2576,2577
637 2578,2579,2580
638 2581,2582,2583
639 2584,2585,2586,2587
640 2588,2589,2590,2591,2592
641 2593,2594,2595,2596,2597
642 2598,2599,2600,2601
643 2602,2603,2604
644 2605,2606,2607,2608
645 2609,2610,2611,2612,2613
646 2614,2615,2616
647 2617,2618,2619,2620
648 2621,2622,2623
649 2624,2625,2626,2627
650 2628,2629,2630,2631
651 2632,2633,2634,2635,2636
652 2637,2638,2639,2640
653 2641,2642,2643,2644
654 2645,2646,2647
655 2648,2649,2650,2651
656 2652,2653,2654,2655,2656
657 2657,2658,2659,2660
658 2661,2662,2663,2664,2665
659 2666,2667,2668,2669
660 2670,2671,2672
661 2673,2674,2675,2676,2677
662 2678,2679,2680,2681,2682
663 2683,2684,2685
664 2686,2687,2688
665 2689,2690,2691,2692
666 2693,2694,2695,2696
667 2697,2698,2699,2700
668 2701,2702,2703,2704,2705
669 2706,2707,2708
670 2709,2710,2711,2712
671 2713,2714,2715,2716
672 2717,2718,2719
673 2720,2721,2722,2723,2724
674 2725,2726,2727,2728,2729
675 2730,2731,2732,2733
676 2734,2735,2736
677 2737,2738,2739,2740,2741
678 2742,2743,2744,2745
679 2746,2747,2748,2749
680 2750,2751,2752
681 2753,2754,2755,2756,2757
682 2758,2759,2760,2761,2762
683 2763,2764,2765
684 2766,2767,2768
685 2769,2770,2771,2772,2773
686 2774,2775,2776,2777
687 2778,2779,2780,2781
688 2782,2783,2784
689 2785,2786,2787,2788
690 2789,2790,2791
691 2792,2793,2794
692 2795,2796,2797,2798,2799
693 2800,2801,2802
694 2803,2804,2805,2806
695 2807,2808,2809,2810
696 2811,2812,2813
697 2814,2815,2816
698 2817,2818,2819,2820,2821
699 2822,2823,2824,2825,2826
700 2827,2828,2829,2830,2831
701 2832,2833,2834
702 2835,2836,2837,2838,2839
703 2840,2841,2842
704 2843,2844,2845
705 2846,2847,2848,2849
706 2850,2851,2852,2853
707 2854,2855,2856,2857
708 2858,2859,2860,2861
709 2862,2863,2864,2865,2866
710 2867,2868,2869,2870
711 2871,2872,2873
712 2874,2875,2876
713 2877,2878,2879
714 2880,2881,2882
715 2883,2884,2885,2886,2887
716 2888,2889,2890,2891,2892
717 2893,2894,2895,2896
718 2897,2898,2899,2900
719 2901,2902,2903,2904,2905
720 2906,2907,2908,2909,2910
721 2911,2912,2913,2914
722 2915,2916,2917
723 2918,2919,2920,2921,2922
724 2923,2924,2925,2926,2927
725 2928,2929,2930
726 2931,2932,2933,2934,2935
727 2936,2937,2938,2939
728 2940,2941,2942,2943,2944
729 2945,2946,2947
730 2948,2949,2950
731 2951,2952,2953,2954
732 2955,2956,2957
733 2958,2959,2960
734 2961,2962,2963,2964,2965
735 2966,2967,2968
736 2969,2970,2971
737 2972,2973,2974,2975,2976
738 2977,2978,2979,2980
739 2981,2982,2983,2984,2985
740 2986,2987,2988,2989
741 2990,2991,2992,2993,2994
742 2995,2996,2997,2998
743 2999,3000,3001
744 3002,3003,3004,3005
745 3006,3007,3008
746 3009,3010,3011,3012
747 3013,3014,3015,3016
748 3017,3018,3019
749 3020,3021,3022,3023,3024
750 3025,3026,3027,3028
751 3029,3030,3031
752 3032,3033,3034
753 3035,3036,3037,3038
754 3039,3040,3041
755 3042,3043,3044,3045
756 3046,3047,3048
757 3049,3050,3051,3052,3053
758 3054,3055,3056,3057,3058
759 3059,3060,3061
760 3062,3063,3064
761 3065,3066,3067,3068
762 3069,3070,3071,3072
763 3073,3074,3075,3076
764 3077,3078,3079,3080
765 3081,3082,3083,3084
766 3085,3086,3087
767 3088,3089,3090,3091,3092
768 3093,3094,3095
769 3096,3097,3098,3099,3100
770 3101,3102,3103,3104,3105
771 3106,3107,3108
772 3109,3110,3111,3112
773 3113,3114,3115,3116,3117
774 3118,3119,3120,3121
775 3122,3123,3124
776 3125,3126,3127,3128
777 3129,3130,3131,3132,3133
778 3134,3135,3136,3137
779 3138,3139,3140,3141
780 3142,3143,3144,3145
781 3146,3147,3148,3149
782 3150,3151,3152,3153,3154
783 3155,3156,3157,3158,3159
784 3160,3161,3162,3163
785 3164,3165,3166,3167
786 3168,3169,3170
787 3171,3172,3173,3174
788 3175,3176,3177
789 3178,3179,3180,3181,3182
790 3183,3184,3185,3186
791 3187,3188,3189,3190
792 3191,3192,3193,3194
793 3195,3196,3197,3198
794 3199,3200,3201,3202,3203
795 3204,3205,3206,3207
796 3208,3209,3210,3211
797 3212,3213,3214
798 3215,3216,3217,3218
799 3219,3220,3221,3222,3223
800 3224,3225,3226
801 3227,3228,3229,3230
802 3231,3232,3233,3234,3235
803 3236,3237,3238,3239
804 3240,3241,3242,3243
805 3244,3245,3246
806 3247,3248,3249,3250
807 3251,3252,3253,3254,3255
808 3256,3257,3258
809 3259,3260,3261,3262
810 3263,3264,3265,3266,3267
811 3268,3269,3270,3271
812 3272,3273,3274
813 3275,3276,3277
814 3278,3279,3280,3281
815 3282,3283,3284,3285
816 3286,3287,3288,3289,3290
817 3291,3292,3293,3294,3295
818 3296,3297,3298,3299,3300
819 3301,3302,3303
820 3304,3305,3306
821 3307,3308,3309
822 3310,3311,3312
823 3313,3314,3315,3316,3317
824 3318,3319,3320
825 3321,3322,3323
826 3324,3325,3326,3327
827 3328,3329,3330,3331,3332
828 3333,3334,3335
829 3336,3337,3338
830 3339,3340,3341,3342
831 3343,3344,3345,3346
832 3347,3348,3349,3350,3351
833 3352,3353,3354,3355
834 3356,3357,3358
835 3359,3360,3361,3362,3363
836 3364,3365,3366,3367,3368
837 3369,3370,3371,3372,3373
838 3374,3375,3376,3377
839 3378,3379,3380,3381,3382
840 3383,3384,3385,3386,3387
841 3388,3389,3390,3391,3392
842 3393,3394,3395,3396,3397
843 3398,3399,3400
844 3401,3402,3403
845 3404,3405,3406,3407
846 3408,3409,3410
847 3411,3412,3413,3414,3415
848 3416,3417,3418,3419,3420
849 3421,3422,3423,3424,3425
850 3426,3427,3428
851 3429,3430,3431,3432
852 3433,3434,3435,3436,3437
853 3438,3439,3440
854 3441,3442,3443,3444
855 3445,3446,3447,3448,3449
856 3450,3451,3452,3453
857 3454,3455,3456
858 3457,3458,3459
859 3460,3461,3462,3463
860 3464,3465,3466,3467,3468
861 3469,3470,3471
862 3472,3473,3474
863 3475,3476,3477
864 3478,3479,3480,3481,3482
865 3483,3484,3485,3486,3487
866 3488,3489,3490,3491,3492
867 3493,3494,3495,3496
868 3497,3498,3499,3500
869 3501,3502,3503,3504,3505
870 3506,3507,3508,3509
871 3510,3511,3512,3513
872 3514,3515,3516
873 3517,3518,3519,3520
874 3521,3522,3523,3524,3525
875 3526,3527,3528,3529,3530
876 3531,3532,3533,3534,3535
877 3536,3537,3538,3539,3540
878 3541,3542,3543
879 3544,3545,3546
880 3547,3548,3549,3550,3551
881 3552,3553,3554
882 3555,3556,3557,3558
883 3559,3560,3561,3562
884 3563,3564,3565,3566
885 3567,3568,3569,3570,3571
886 3572,3573,3574,3575,3576
887 3577,3578,3579,3580
888 3581,3582,3583,3584
889 3585,3586,3587
890 3588,3589,3590
891 3591,3592,3593,3594
892 3595,3596,3597,3598,3599
893 3600,3601,3602
894 3603,3604,3605,3606
895 3607,3608,3609,3610,3611
896 3612,3613,3614,3615
897 3616,3617,3618
898 3619,3620,3621,3622,3623
899 3624,3625,3626,3627,3628
900 3629,3630,3631,3632
901 3633,3634,3635,3636
902 3637,3638,3639,3640
903 3641,3642,3643
904 3644,3645,3646,3647,3648
905 3649,3650,3651,3652
906 3653,3654,3655,3656,3657
907 3658,3659,3660,3661
908 3662,3663,3664
909 3665,3666,3667,3668
910 3669,3670,3671,3672,3673
911 3674,3675,3676,3677,3678
912 3679,3680,3681,3682,3683
913 3684,3685,3686
914 3687,3688,3689
915 3690,3691,3692
916 3693,3694,3695
917 3696,3697,3698,3699
918 3700,3701,3702,3703
919 3704,3705,3706,3707
920 3708,3709,3710
921 3711,3712,3713
922 3714,3715,3716
923 3717,3718,3719
924 3720,3721,3722
925 3723,3724,3725,3726
926 3727,3728,3729,3730
927 3731,3732,3733
928 3734,3735,3736,3737
929 3738,3739,3740
930 3741,3742,3743,3744
931 3745,3746,3747,3748
932 3749,3750,3751
933 3752,3753,3754
934 3755,3756,3757,3758
935 3759,3760,3761,3762,3763
936 3764,3765,3766
937 3767,3768,3769
938 3770,3771,3772,3773,3774
939 3775,3776,3777,3778
940 3779,3780,3781
941 3782,3783,3784,3785
942 3786,3787,3788,3789,3790
943 3791,3792,3793
944 3794,3795,3796,3797,3798
945 3799,3800,3801
946 3802,3803,3804
947 3805,3806,3807,3808
948 3809,3810,3811,3812
949 3813,3814,3815
950 3816,3817,3818,3819,3820
951 3821,3822,3823
952 3824,3825,3826,3827
953 3828,3829,3830
954 3831,3832,3833,3834,3835
955 3836,3837,3838
956 3839,3840,3841,3842
957 3843,3844,3845,3846,3847
958 3848,3849,3850
959 3851,3852,3853,3854
960 3855,3856,3857,3858,3859
961 3860,3861,3862,3863
962 3864,3865,3866,3867
963 3868,3869,3870,3871,3872
964 3873,3874,3875,3876,3877
965 3878,3879,3880,3881
966 3882,3883,3884
967 3885,3886,3887,3888
968 3889,3890,3891,3892,3893
969 3894,3895,3896
970 3897,3898,3899,3900
971 3901,3902,3903,3904
972 3905,3906,3907
973 3908,3909,3910
974 3911,3912,3913,3914,3915
975 3916,3917,3918,3919,3920
976 3921,3922,3923
977 3924,3925,3926,3927,3928
978 3929,3930,3931,3932
979 3933,3934,3935
980 3936,3937,3938
981 3939,3940,3941,3942,3943
982 3944,3945,3946,3947,3948
983 3949,3950,3951,3952,3953
984 3954,3955,3956
985 3957,3958,3959
986 3960,3961,3962,3963
987 3964,3965,3966,3967,3968
988 3969,3970,3971,3972,3973
989 3974,3975,3976
990 3977,3978,3979,3980
991 3981,3982,3983,3984,3985
992 3986,3987,3988,3989
993 3990,3991,3992
994 3993,3994,3995,3996,3997
995 3998,3999,4000,4001
996 4002,4003,4004
997 4005,4006,4007,4008,4009
998 4010,4011,4012,4013,4014
999 4015,4016,4017,4018
1000 4019,4020,4021,4022,4023
1001 4024,4025,4026,4027,4028
1002 4029,4030,4031,4032
1003 4033,4034,4035,4036
1004 4037,4038,4039
1005 4040,4041,4042,4043
1006 4044,4045,4046,4047,4048
1007 4049,4050,4051,4052
1008 4053,4054,4055,4056,4057
1009 4058,4059,4060,4061,4062
1010 4063,4064,4065,4066,4067
1011 4068,4069,4070
1012 4071,4072,4073,4074
1013 4075,4076,4077,4078
1014 4079,4080,4081,4082
1015 4083,4084,4085,4086
1016 4087,4088,4089,4090,4091
1017 4092,4093,4094,4095,4096
1018 4097,4098,4099
1019 4100,4101,4102,4103
1020 4104,4105,4106,4107
1021 4108,4109,4110,4111,4112
1022 4113,4114,4115,4116,4117
1023 4118,4119,4120
1024 4121,4122,4123,4124,4125
1025 4126,4127,4128,4129,4130
1026 4131,4132,4133,4134,4135
1027 4136,4137,4138
1028 4139,4140,4141
1029 4142,4143,4144,4145,4146
1030 4147,4148,4149,4150
1031 4151,4152,4153,4154
1032 4155,4156,4157,4158,4159
1033 4160,4161,4162
1034 4163,4164,4165
1035 4166,4167,4168,4169,4170
1036 4171,4172,4173
1037 4174,4175,4176
1038 4177,4178,4179
1039 4180,4181,4182,4183,4184
1040 4185,4186,4187,4188,4189
1041 4190,4191,4192,4193
1042 4194,4195,4196,4197,4198
1043 4199,4200,4201,4202
1044 4203,4204,4205
1045 4206,4207,4208,4209
1046 4210,4211,4212,4213
1047 4214,4215,4216
1048 4217,4218,4219
1049 4220,4221,4222,4223
1050 4224,4225,4226,4227,4228
1051 4229,4230,4231,4232
1052 4233,4234,4235
1053 4236,4237,4238,4239
1054 4240,4241,4242,4243
1055 4244,4245,4246
1056 4247,4248,4249,4250
1057 4251,4252,4253,4254
1058 4255,4256,4257
1059 4258,4259,4260
1060 4261,4262,4263,4264
1061 4265,4266,4267
1062 4268,4269,4270,4271,4272
1063 4273,4274,4275,4276,4277
1064 4278,4279,4280,4281,4282
1065 4283,4284,4285,4286
1066 4287,4288,4289,4290,4291
1067 4292,4293,4294,4295,4296
1068 4297,4298,4299,4300,4301
1069 4302,4303,4304,4305,4306
1070 4307,4308,4309,4310
1071 4311,4312,4313
1072 4314,4315,4316
1073 4317,4318,4319,4320
1074 4321,4322,4323,4324
1075 4325,4326,4327,4328
1076 4329,4330,4331,4332,4333
1077 4334,4335,4336,4337
1078 4338,4339,4340,4341
1079 4342,4343,4344
1080 4345,4346,4347,4348,4349
1081 4350,4351,4352,4353,4354
1082 4355,4356,4357,4358
1083 4359,4360,4361
1084 4362,4363,4364,4365,4366
1085 4367,4368,4369,4370,4371
1086 4372,4373,4374,4375
1087 4376,4377,4378,4379
1088 4380,4381,4382,4383
1089 4384,4385,4386,4387,4388
1090 4389,4390,4391,4392,4393
1091 4394,4395,4396
1092 4397,4398,4399,4400,4401
1093 4402,4403,4404,4405
1094 4406,4407,4408,4409,4410
1095 4411,4412,4413,4414
1096 4415,4416,4417,4418
1097 4419,4420,4421,4422
1098 4423,4424,4425,4426,4427
1099 4428,4429,4430,4431
1100 4432,4433,4434,4435
1101 4436,4437,4438
1102 4439,4440,4441,4442
1103 4443,4444,4445
1104 4446,4447,4448,4449
1105 4450,4451,4452,4453,4454
1106 4455,4456,4457
1107 4458,4459,4460,4461,4462
1108 4463,4464,4465,4466
1109 4467,4468,4469
1110 4470,4471,4472,4473,4474
1111 4475,4476,4477,4478,4479
1112 4480,4481,4482,4483
1113 4484,4485,4486,4487
1114 4488,4489,4490,4491
1115 4492,4493,4494,4495,4496
1116 4497,4498,4499
1117 4500,4501,4502,4503
1118 4504,4505,4506,4507
1119 4508,4509,4510,4511,4512
1120 4513,4514,4515,4516
1121 4517,4518,4519,4520
1122 4521,4522,4523,4524,4525
1123 4526,4527,4528,4529
1124 4530,4531,4532,4533,4534
1125 4535,4536,4537,4538,4539
1126 4540,4541,4542,4543,4544
1127 4545,4546,4547
1128 4548,4549,4550,4551
1129 4552,4553,4554,4555
1130 4556,4557,4558,4559
1131 4560,4561,4562
1132 4563,4564,4565,4566,4567
1133 4568,4569,4570,4571,4572
1134 4573,4574,4575
1135 4576,4577,4578,4579
1136 4580,4581,4582
1137 4583,4584,4585,4586
1138 4587,4588,4589
1139 4590,4591,4592
1140 4593,4594,4595,4596,4597
1141 4598,4599,4600,4601
1142 4602,4603,4604,4605
1143 4606,4607,4608
1144 4609,4610,4611
1145 4612,4613,4614,4615
1146 4616,4617,4618,4619
1147 4620,4621,4622
1148 4623,4624,4625,4626,4627
1149 4628,4629,4630,4631,4632
1150 4633,4634,4635
1151 4636,4637,4638
1152 4639,4640,4641
1153 4642,4643,4644,4645,4646
1154 4647,4648,4649,4650
1155 4651,4652,4653
1156 4654,4655,4656,4657,4658
1157 4659,4660,4661,4662,4663
1158 4664,4665,4666,4667,4668
1159 4669,4670,4671,4672,4673
1160 4674,4675,4676
1161 4677,4678,4679
1162 4680,4681,4682,4683,4684
1163 4685,4686,4687
1164 4688,4689,4690
1165 4691,4692,4693
1166 4694,4695,4696,4697,4698
1167 4699,4700,4701,4702
1168 4703,4704,4705,4706
1169 4707,4708,4709,4710,4711
1170 4712,4713,4714,4715,4716
1171 4717,4718,4719
1172 4720,4721,4722
1173 4723,4724,4725,4726
1174 4727,4728,4729,4730,4731
1175 4732,4733,4734,4735,4736
1176 4737,4738,4739
1177 4740,4741,4742
1178 4743,4744,4745,4746
1179 4747,4748,4749,4750,4751
1180 4752,4753,4754,4755
1181 4756,4757,4758
1182 4759,4760,4761
1183 4762,4763,4764
1184 4765,4766,4767
1185 4768,4769,4770,4771,4772
1186 4773,4774,4775,4776,4777
1187 4778,4779,4780
1188 4781,4782,4783
1189 4784,4785,4786
1190 4787,4788,4789
1191 4790,4791,4792
1192 4793,4794,4795,4796,4797
1193 4798,4799,4800,4801,4802
1194 4803,4804,4805
1195 4806,4807,4808
1196 4809,4810,4811,4812
1197 4813,4814,4815,4816,4817
1198 4818,4819,4820,4821,4822
1199 4823,4824,4825
1200 4826,4827,4828
1201 4829,4830,4831
1202 4832,4833,4834,4835,4836
1203 4837,4838,4839,4840,4841
1204 4842,4843,4844,4845,4846
1205 4847,4848,4849,4850,4851
1206 4852,4853,4854,4855
1207 4856,4857,4858
1208 4859,4860,4861,4862
1209 4863,4864,4865
1210 4866,4867,4868
1211 4869,4870,4871,4872,4873
1212 4874,4875,4876
1213 4877,4878,4879
1214 4880,4881,4882,4883,4884
1215 4885,4886,4887
1216 4888,4889,4890,4891
1217 4892,4893,4894,4895,4896
1218 4897,4898,4899,4900,4901
1219 4902,4903,4904
1220 4905,4906,4907,4908,4909
1221 4910,4911,4912,4913
1222 4914,4915,4916,4917
1223 4918,4919,4920,4921
1224 4922,4923,4924,4925,4926
1225 4927,4928,4929,4930,4931
1226 4932,4933,4934
1227 4935,4936,4937,4938
1228 4939,4940,4941
1229 4942,4943,4944,4945
1230 4946,4947,4948,4949,4950
1231 4951,4952,4953
1232 4954,4955,4956
1233 4957,4958,4959
1234 4960,4961,4962
1235 4963,4964,4965,4966,4967
1236 4968,4969,4970
1237 4971,4972,4973,4974
1238 4975,4976,4977,4978
1239 4979,4980,4981,4982,4983
1240 4984,4985,4986,4987,4988
1241 4989,4990,4991,4992,4993
1242 4994,4995,4996,4997
1243 4998,4999,5000
1244 5001,5002,5003,5004,5005
1245 5006,5007,5008,5009
1246 5010,5011,5012,5013,5014
1247 5015,5016,5017,5018
1248 5019,5020,5021,5022
1249 5023,5024,5025,5026,5027
1250 5028,5029,5030
1251 5031,5032,5033,5034
1252 5035,5036,5037
1253 5038,5039,5040,5041
1254 5042,5043,5044
1255 5045,5046,5047
1256 5048,5049,5050
1257 5051,5052,5053,5054,5055
1258 5056,5057,5058
1259 5059,5060,5061,5062,5063
1260 5064,5065,5066
1261 5067,5068,5069
1262 5070,5071,5072,5073
1263 5074,5075,5076
1264 5077,5078,5079,5080,5081
1265 5082,5083,5084,5085,5086
1266 5087,5088,5089,5090
1267 5091,5092,5093
1268 5094,5095,5096,5097
1269 5098,5099,5100,5101,5102
1270 5103,5104,5105
1271 5106,5107,5108,5109,5110
1272 5111,5112,5113,5114,5115
1273 5116,5117,5118,5119,5120
1274 5121,5122,5123
1275 5124,5125,5126,5127,5128
1276 5129,5130,5131,5132
1277 5133,5134,5135
1278 5136,5137,5138
1279 5139,5140,5141,5142,5143
1280 5144,5145,5146,5147,5148
1281 5149,5150,5151,5152,5153
1282 5154,5155,5156
1283 5157,5158,5159,5160,5161
1284 5162,5163,5164,5165
1285 5166,5167,5168,5169,5170
1286 5171,5172,5173,5174
1287 5175,5176,5177,5178,5179
1288 5180,5181,5182,5183,5184
1289 5185,5186,5187
1290 5188,5189,5190,5191
1291 5192,5193,5194,5195,5196
1292 5197,5198,5199,5200,5201
1293 5202,5203,5204,5205,5206
1294 5207,5208,5209,5210
1295 5211,5212,5213,5214,5215
1296 5216,5217,5218,5219,5220
1297 5221,5222,5223
1298 5224,5225,5226,5227,5228
1299 5229,5230,5231
1300 5232,5233,5234,5235,5236
1301 5237,5238,5239
1302 5240,5241,5242
1303 5243,5244,5245
1304 5246,5247,5248
1305 5249,5250,5251
1306 5252,5253,5254,5255
1307 5256,5257,5258,5259,5260
1308 5261,5262,5263
1309 5264,5265,5266
1310 5267,5268,5269,5270
1311 5271,5272,5273
1312 5274,5275,5276
1313 5277,5278,5279,5280,5281
1314 5282,5283,5284,5285
1315 5286,5287,5288,5289
1316 5290,5291,5292,5293
1317 5294,5295,5296
1318 5297,5298,5299,5300
1319 5301,5302,5303,5304
1320 5305,5306,5307
1321 5308,5309,5310,5311
1322 5312,5313,5314,5315
1323 5316,5317,5318
1324 5319,5320,5321,5322,5323
1325 5324,5325,5326,5327
1326 5328,5329,5330,5331,5332
1327 5333,5334,5335
1328 5336,5337,5338,5339
1329 5340,5341,5342,5343,5344
1330 5345,5346,5347
1331 5348,5349,5350,5351,5352
1332 5353,5354,5355
1333 5356,5357,5358,5359
1334 5360,5361,5362,5363
1335 5364,5365,5366,5367
1336 5368,5369,5370,5371,5372
1337 5373,5374,5375,5376
1338 5377,5378,5379,5380,5381
1339 5382,5383,5384,5385,5386
1340 5387,5388,5389,5390,5391
1341 5392,5393,5394
1342 5395,5396,5397,5398,5399
1343 5400,5401,5402,5403,5404
1344 5405,5406,5407
1345 5408,5409,5410
1346 5411,5412,5413,5414
1347 5415,5416,5417
1348 5418,5419,5420,5421
1349 5422,5423,5424,5425
1350 5426,5427,5428
1351 5429,5430,5431,5432
1352 5433,5434,5435
1353 5436,5437,5438
1354 5439,5440,5441,5442,5443
1355 5444,5445,5446
1356 5447,5448,5449,5450
1357 5451,5452,5453,5454,5455
1358 5456,5457,5458,5459
1359 5460,5461,5462
1360 5463,5464,5465,5466
1361 5467,5468,5469,5470
1362 5471,5472,5473,5474,5475
1363 5476,5477,5478
1364 5479,5480,5481,5482,5483
1365 5484,5485,5486
1366 5487,5488,5489,5490,5491
1367 5492,5493,5494,5495
1368 5496,5497,5498,5499
1369 5500,5501,5502,5503
1370 5504,5505,5506,5507,5508
1371 5509,5510,5511,5512,5513
1372 5514,5515,5516
1373 5517,5518,5519,5520
1374 5521,5522,5523
1375 5524,5525,5526,5527
1376 5528,5529,5530
1377 5531,5532,5533,5534
1378 5535,5536,5537,5538,5539
1379 5540,5541,5542,5543,5544
1380 5545,5546,5547,5548,5549
1381 5550,5551,5552,5553
1382 5554,5555,5556,5557
1383 5558,5559,5560
1384 5561,5562,5563,5564,5565
1385 5566,5567,5568,5569,5570
1386 5571,5572,5573,5574,5575
1387 5576,5577,5578,5579,5580
1388 5581,5582,5583,5584,5585
1389 5586,5587,5588
1390 5589,5590,5591,5592
1391 5593,5594,5595,5596,5597
1392 5598,5599,5600,5601,5602
1393 5603,5604,5605,5606
1394 5607,5608,5609
1395 5610,5611,5612
1396 5613,5614,5615,5616
1397 5617,5618,5619,5620
1398 5621,5622,5623
1399 5624,5625,5626,5627,5628
1400 5629,5630,5631
1401 5632,5633,5634,5635,5636
1402 5637,5638,5639,5640,5641
1403 5642,5643,5644,5645,5646
1404 5647,5648,5649,5650,5651
1405 5652,5653,5654,5655,5656
1406 5657,5658,5659
1407 5660,5661,5662,5663
1408 5664,5665,5666,5667,5668
1409 5669,5670,5671,5672,5673
1410 5674,5675,5676,5677,5678
1411 5679,5680,5681,5682
1412 5683,5684,5685,5686
1413 5687,5688,5689,5690,5691
1414 5692,5693,5694,5695,5696
1415 5697,5698,5699,5700
1416 5701,5702,5703,5704,5705
1417 5706,5707,5708,5709
1418 5710,5711,5712,5713
1419 5714,5715,5716
1420 5717,5718,5719,5720
1421 5721,5722,5723,5724,5725
1422 5726,5727,5728,5729,5730
1423 5731,5732,5733,5734,5735
1424 5736,5737,5738,5739,5740
1425 5741,5742,5743,5744
1426 5745,5746,5747,5748
1427 5749,5750,5751,5752
1428 5753,5754,5755
1429 5756,5757,5758
1430 5759,5760,5761,5762,5763
1431 5764,5765,5766,5767
1432 5768,5769,5770,5771,5772
1433 5773,5774,5775
1434 5776,5777,5778,5779,5780
1435 5781,5782,5783,5784
1436 5785,5786,5787
1437 5788,5789,5790,5791
1438 5792,5793,5794,5795,5796
1439 5797,5798,5799,5800
1440 5801,5802,5803
1441 5804,5805,5806
1442 5807,5808,5809,5810,5811
1443 5812,5813,5814,5815,5816
1444 5817,5818,5819,5820
1445 5821,5822,5823
1446 5824,5825,5826,5827
1447 5828,5829,5830,5831
1448 5832,5833,5834
1449 5835,5836,5837
1450 5838,5839,5840
1451 5841,5842,5843,5844,5845
1452 5846,5847,5848
1453 5849,5850,5851
1454 5852,5853,5854,5855,5856
1455 5857,5858,5859
1456 5860,5861,5862,5863,5864
1457 5865,5866,5867
1458 5868,5869,5870,5871,5872
1459 5873,5874,5875
1460 5876,5877,5878,5879
1461 5880,5881,5882,5883
1462 5884,5885,5886
1463 5887,5888,5889,5890
1464 5891,5892,5893
1465 5894,5895,5896,5897
1466 5898,5899,5900,5901,5902
1467 5903,5904,5905,5906,5907
1468 5908,5909,5910,5911
1469 5912,5913,5914
1470 5915,5916,5917
1471 5918,5919,5920
1472 5921,5922,5923,5924
1473 5925,5926,5927,5928
1474 5929,5930,5931,5932,5933
1475 5934,5935,5936,5937,5938
1476 5939,5940,5941,5942,5943
1477 5944,5945,5946,5947,5948
1478 5949,5950,5951
1479 5952,5953,5954,5955,5956
1480 5957,5958,5959,5960
1481 5961,5962,5963,5964,5965
1482 5966,5967,5968
1483 5969,5970,5971,5972,5973
1484 5974,5975,5976
1485 5977,5978,5979,5980
1486 5981,5982,5983,5984
1487 5985,5986,5987,5988,5989
1488 5990,5991,5992,5993
1489 5994,5995,5996,5997
1490 5998,5999,6000
1491 6001,6002,6003
1492 6004,6005,6006
1493 6007,6008,6009,6010
1494 6011,6012,6013
1495 6014,6015,6016,6017
1496 6018,6019,6020
1497 6021,6022,6023
1498 6024,6025,6026
1499 6027,6028,6029
1500 6030,6031,6032,6033,6034
1501 6035,6036,6037,6038,6039
1502 6040,6041,6042,6043
1503 6044,6045,6046,6047
1504 6048,6049,6050,6051
1505 6052,6053,6054
1506 6055,6056,6057,6058,6059
1507 6060,6061,6062
1508 6063,6064,6065,6066
1509 6067,6068,6069,6070,6071
1510 6072,6073,6074,6075
1511 6076,6077,6078,6079
1512 6080,6081,6082,6083,6084
1513 6085,6086,6087,6088
1514 6089,6090,6091,6092,6093
1515 6094,6095,6096,6097,6098
1516 6099,6100,6101,6102
1517 6103,6104,6105
1518 6106,6107,6108
1519 6109,6110,6111
1520 6112,6113,6114,6115,6116
1521 6117,6118,6119,6120
1522 6121,6122,6123,6124,6125
1523 6126,6127,6128
1524 6129,6130,6131,6132
1525 6133,6134,6135,6136,6137
1526 6138,6139,6140
1527 6141,6142,6143,6144,6145
1528 6146,6147,6148
1529 6149,6150,6151
1530 6152,6153,6154,6155
1531 6156,6157,6158
1532 6159,6160,6161
1533 6162,6163,6164,6165
1534 6166,6167,6168
1535 6169,6170,6171
1536 6172,6173,6174,6175
1537 6176,6177,6178,6179,6180
1538 6181,6182,6183,6184,6185
1539 6186,6187,6188
1540 6189,6190,6191
1541 6192,6193,6194,6195,6196
1542 6197,6198,6199,6200,6201
1543 6202,6203,6204
1544 6205,6206,6207,6208,6209
1545 6210,6211,6212
1546 6213,6214,6215,6216
1547 6217,6218,6219,6220
1548 6221,6222,6223,6224
1549 6225,6226,6227
1550 6228,6229,6230,6231,6232
1551 6233,6234,6235,6236
1552 6237,6238,6239,6240,6241
1553 6242,6243,6244,6245
1554 6246,6247,6248
1555 6249,6250,6251,6252,6253
1556 6254,6255,6256,6257
1557 6258,6259,6260,6261,6262
1558 6263,6264,6265
1559 6266,6267,6268
1560 6269,6270,6271,6272,6273
1561 6274,6275,6276
1562 6277,6278,6279,6280,6281
1563 6282,6283,6284,6285,6286
1564 6287,6288,6289
1565 6290,6291,6292
1566 6293,6294,6295,6296,6297
1567 6298,6299,6300,6301,6302
1568 6303,6304,6305,6306
1569 6307,6308,6309,6310
1570 6311,6312,6313
1571 6314,6315,6316,6317,6318
1572 6319,6320,6321,6322
1573 6323,6324,6325
1574 6326,6327,6328,6329
1575 6330,6331,6332,6333,6334
1576 6335,6336,6337,6338,6339
1577 6340,6341,6342,6343,6344
1578 6345,6346,6347
1579 6348,6349,6350,6351,6352
1580 6353,6354,6355,6356
1581 6357,6358,6359,6360
1582 6361,6362,6363,6364,6365
1583 6366,6367,6368,6369,6370
1584 6371,6372,6373
1585 6374,6375,6376,6377,6378
1586 6379,6380,6381,6382
1587 6383,6384,6385
1588 6386,6387,6388
1589 6389,6390,6391,6392
1590 6393,6394,6395,6396,6397
1591 6398,6399,6400,6401
1592 6402,6403,6404,6405,6406
1593 6407,6408,6409,6410,6411
1594 6412,6413,6414,6415,6416
1595 6417,6418,6419
1596 6420,6421,6422,6423,6424
1597 6425,6426,6427
1598 6428,6429,6430,6431,6432
1599 6433,6434,6435
1600 6436,6437,6438,6439
1601 6440,6441,6442,6443,6444
1602 6445,6446,6447,6448,6449
1603 6450,6451,6452
1604 6453,6454,6455,6456
1605 6457,6458,6459,6460
1606 6461,6462,6463,6464,6465
1607 6466,6467,6468,6469
1608 6470,6471,6472
1609 6473,6474,6475,6476
1610 6477,6478,6479
1611 6480,6481,6482,6483,6484
1612 6485,6486,6487
1613 6488,6489,6490,6491,6492
1614 6493,6494,6495
1615 6496,6497,6498,6499
1616 6500,6501,6502
1617 6503,6504,6505
1618 6506,6507,6508
1619 6509,6510,6511
1620 6512,6513,6514,6515,6516
1621 6517,6518,6519,6520,6521
1622 6522,6523,6524,6525
1623 6526,6527,6528,6529
1624 6530,6531,6532,6533,6534
1625 6535,6536,6537,6538,6539
1626 6540,6541,6542,6543,6544
1627 6545,6546,6547,6548,6549
1628 6550,6551,6552
1629 6553,6554,6555,6556,6557
1630 6558,6559,6560,6561
1631 6562,6563,6564
1632 6565,6566,6567,6568,6569
1633 6570,6571,6572,6573,6574
1634 6575,6576,6577
1635 6578,6579,6580,6581
1636 6582,6583,6584,6585
1637 6586,6587,6588,6589,6590
1638 6591,6592,6593
1639 6594,6595,6596
1640 6597,6598,6599
1641 6600,6601,6602
1642 6603,6604,6605,6606,6607
1643 6608,6609,6610,6611,6612
1644 6613,6614,6615
1645 6616,6617,6618,6619,6620
1646 6621,6622,6623
1647 6624,6625,6626,6627
1648 6628,6629,6630,6631,6632
1649 6633,6634,6635,6636
1650 6637,6638,6639,6640
1651 6641,6642,6643
1652 6644,6645,6646,6647,6648
1653 6649,6650,6651,6652,6653
1654 6654,6655,6656,6657
1655 6658,6659,6660
1656 6661,6662,6663,6664,6665
1657 6666,6667,6668
1658 6669,6670,6671
1659 6672,6673,6674
1660 6675,6676,6677
1661 6678,6679,6680
1662 6681,6682,6683,6684,6685
1663 6686,6687,6688
1664 6689,6690,6691
1665 6692,6693,6694,6695
1666 6696,6697,6698,6699
1667 6700,6701,6702,6703
1668 6704,6705,6706
1669 6707,6708,6709,6710
1670 6711,6712,6713
1671 6714,6715,6716
1672 6717,6718,6719
1673 6720,6721,6722
1674 6723,6724,6725,6726,6727
1675 6728,6729,6730,6731
1676 6732,6733,6734
1677 6735,6736,6737,6738,6739
1678 6740,6741,6742
1679 6743,6744,6745,6746
1680 6747,6748,6749,6750
1681 6751,6752,6753,6754
1682 6755,6756,6757,6758
1683 6759,6760,6761,6762
1684 6763,6764,6765,6766
1685 6767,6768,6769,6770,6771
1686 6772,6773,6774
1687 6775,6776,6777,6778
1688 6779,6780,6781,6782
1689 6783,6784,6785,6786,6787
1690 6788,6789,6790
1691 6791,6792,6793
1692 6794,6795,6796,6797,6798
1693 6799,6800,6801,6802
1694 6803,6804,6805
1695 6806,6807,6808,6809,6810
1696 6811,6812,6813,6814,6815
1697 6816,6817,6818,6819,6820
1698 6821,6822,6823,6824
1699 6825,6826,6827,6828
1700 6829,6830,6831,6832,6833
1701 6834,6835,6836,6837,6838
1702 6839,6840,6841
1703 6842,6843,6844,6845
1704 6846,6847,6848,6849,6850
1705 6851,6852,6853,6854,6855
1706 6856,6857,6858,6859,6860
1707 6861,6862,6863
1708 6864,6865,6866,6867
1709 6868,6869,6870,6871,6872
1710 6873,6874,6875,6876,6877
1711 6878,6879,6880,6881
1712 6882,6883,6884,6885
1713 6886,6887,6888
1714 6889,6890,6891,6892
1715 6893,6894,6895,6896
1716 6897,6898,6899
1717 6900,6901,6902,6903,6904
1718 6905,6906,6907,6908,6909
1719 6910,6911,6912,6913,6914
1720 6915,6916,6917,6918
1721 6919,6920,6921,6922,6923
1722 6924,6925,6926,6927,6928
1723 6929,6930,6931
1724 6932,6933,6934,6935,6936
1725 6937,6938,6939,6940
1726 6941,6942,6943
1727 6944,6945,6946
1728 6947,6948,6949,6950
1729 6951,6952,6953
1730 6954,6955,6956,6957
1731 6958,6959,6960,6961
1732 6962,6963,6964
1733 6965,6966,6967
1734 6968,6969,6970,6971,6972
1735 6973,6974,6975
1736 6976,6977,6978,6979
1737 6980,6981,6982,6983
1738 6984,6985,6986,6987,6988
1739 6989,6990,6991
1740 6992,6993,6994
1741 6995,6996,6997
1742 6998,6999,7000
1743 7001,7002,7003,7004
1744 7005,7006,7007,7008
1745 7009,7010,7011
1746 7012,7013,7014
1747 7015,7016,7017,7018
1748 7019,7020,7021
1749 7022,7023,7024,7025
1750 7026,7027,7028,7029
1751 7030,7031,7032,7033
1752 7034,7035,7036,7037,7038
1753 7039,7040,7041,7042
1754 7043,7044,7045,7046
1755 7047,7048,7049,7050
1756 7051,7052,7053
1757 7054,7055,7056,7057,7058
1758 7059,7060,7061
1759 7062,7063,7064,7065
1760 7066,7067,7068
1761 7069,7070,7071,7072
1762 7073,7074,7075
1763 7076,7077,7078,7079,7080
1764 7081,7082,7083
1765 7084,7085,7086,7087,7088
1766 7089,7090,7091,7092,7093
1767 7094,7095,7096
1768 7097,7098,7099
1769 7100,7101,7102
1770 7103,7104,7105,7106
1771 7107,7108,7109,7110,7111
1772 7112,7113,7114,7115
1773 7116,7117,7118,7119,7120
1774 7121,7122,7123
1775 7124,7125,7126
1776 7127,7128,7129
1777 7130,7131,7132,7133,7134
1778 7135,7136,7137,7138
1779 7139,7140,7141,7142
1780 7143,7144,7145,7146
1781 7147,7148,7149,7150
1782 7151,7152,7153,7154
1783 7155,7156,7157,7158
1784 7159,7160,7161,7162,7163
1785 7164,7165,7166,7167
1786 7168,7169,7170,7171,7172
1787 7173,7174,7175,7176,7177
1788 7178,7179,7180,7181,7182
1789 7183,7184,7185
1790 7186,7187,7188
1791 7189,7190,7191
1792 7192,7193,7194
1793 7195,7196,7197,7198,7199
1794 7200,7201,7202,7203,7204
1795 7205,7206,7207
1796 7208,7209,7210,7211
1797 7212,7213,7214,7215
1798 7216,7217,7218,7219
1799 7220,7221,7222,7223
1800 7224,7225,7226
1801 7227,7228,7229,7230
1802 7231,7232,7233,7234,7235
1803 7236,7237,7238
1804 7239,7240,7241,7242
1805 7243,7244,7245,7246
1806 7247,7248,7249
1807 7250,7251,7252,7253
1808 7254,7255,7256,7257
1809 7258,7259,7260,7261
1810 7262,7263,7264,7265,7266
1811 7267,7268,7269,7270,7271
1812 7272,7273,7274,7275,7276
1813 7277,7278,7279,7280,7281
1814 7282,7283,7284
1815 7285,7286,7287,7288
1816 7289,7290,7291
1817 7292,7293,7294,7295
1818 7296,7297,7298,7299,7300
1819 7301,7302,7303,7304
1820 7305,7306,7307,7308
1821 7309,7310,7311,7312,7313
1822 7314,7315,7316,7317,7318
1823 7319,7320,7321,7322
1824 7323,7324,7325,7326,7327
1825 7328,7329,7330,7331,7332
1826 7333,7334,7335,7336
1827 7337,7338,7339,7340
1828 7341,7342,7343,7344,7345
1829 7346,7347,7348
1830 7349,7350,7351,7352
1831 7353,7354,7355,7356
1832 7357,7358,7359,7360
1833 7361,7362,7363
1834 7364,7365,7366
1835 7367,7368,7369,7370
1836 7371,7372,7373,7374,7375
1837 7376,7377,7378,7379
1838 7380,7381,7382
1839 7383,7384,7385,7386,7387
1840 7388,7389,7390,7391,7392
1841 7393,7394,7395,7396,7397
1842 7398,7399,7400,7401,7402
1843 7403,7404,7405,7406,7407
1844 7408,7409,7410,7411,7412
1845 7413,7414,7415,7416,7417
1846 7418,7419,7420
1847 7421,7422,7423,7424
1848 7425,7426,7427,7428,7429
1849 7430,7431,7432,7433,7434
1850 7435,7436,7437,7438
1851 7439,7440,7441
1852 7442,7443,7444,7445
1853 7446,7447,7448,7449
1854 7450,7451,7452,7453
1855 7454,7455,7456,7457
1856 7458,7459,7460,7461,7462
1857 7463,7464,7465,7466,7467
1858 7468,7469,7470,7471
1859 7472,7473,7474
1860 7475,7476,7477,7478
1861 7479,7480,7481
1862 7482,7483,7484,7485,7486
1863 7487,7488,7489,7490,7491
1864 7492,7493,7494
1865 7495,7496,7497,7498,7499
1866 7500,7501,7502
1867 7503,7504,7505,7506
1868 7507,7508,7509,7510
1869 7511,7512,7513,7514,7515
1870 7516,7517,7518,7519
1871 7520,7521,7522,7523
1872 7524,7525,7526
1873 7527,7528,7529,7530,7531
1874 7532,7533,7534,7535,7536
1875 7537,7538,7539
1876 7540,7541,7542
1877 7543,7544,7545
1878 7546,7547,7548,7549,7550
1879 7551,7552,7553,7554,7555
1880 7556,7557,7558,7559
1881 7560,7561,7562
1882 7563,7564,7565,7566
1883 7567,7568,7569,7570,7571
1884 7572,7573,7574,7575
1885 7576,7577,7578,7579,7580
1886 7581,7582,7583,7584
1887 7585,7586,7587
1888 7588,7589,7590,7591
1889 7592,7593,7594,7595
1890 7596,7597,7598,7599
1891 7600,7601,7602
1892 7603,7604,7605,7606
1893 7607,7608,7609
1894 7610,7611,7612,7613
1895 7614,7615,7616,7617
1896 7618,7619,7620,7621,7622
1897 7623,7624,7625
1898 7626,7627,7628,7629,7630
1899 7631,7632,7633
1900 7634,7635,7636,7637
1901 7638,7639,7640,7641,7642
1902 7643,7644,7645,7646
1903 7647,7648,7649,7650,7651
1904 7652,7653,7654
1905 7655,7656,7657,7658,7659
1906 7660,7661,7662,7663,7664
1907 7665,7666,7667,7668
1908 7669,7670,7671
1909 7672,7673,7674
1910 7675,7676,7677,7678,7679
1911 7680,7681,7682,7683
1912 7684,7685,7686,7687
1913 7688,7689,7690,7691
1914 7692,7693,7694,7695
1915 7696,7697,7698,7699
1916 7700,7701,7702,7703,7704
1917 7705,7706,7707,7708,7709
1918 7710,7711,7712
1919 7713,7714,7715,7716
1920 7717,7718,7719,7720,7721
1921 7722,7723,7724,7725,7726
1922 7727,7728,7729,7730
1923 7731,7732,7733
1924 7734,7735,7736,7737
1925 7738,7739,7740,7741
1926 7742,7743,7744
1927 7745,7746,7747
1928 7748,7749,7750,7751,7752
1929 7753,7754,7755,7756
1930 7757,7758,7759
1931 7760,7761,7762,7763
1932 7764,7765,7766
1933 7767,7768,7769,7770
1934 7771,7772,7773,7774
1935 7775,7776,7777,7778,7779
1936 7780,7781,7782,7783,7784
1937 7785,7786,7787,7788
1938 7789,7790,7791,7792
1939 7793,7794,7795,7796
1940 7797,7798,7799,7800
1941 7801,7802,7803
1942 7804,7805,7806
1943 7807,7808,7809,7810
1944 7811,7812,7813,7814,7815
1945 7816,7817,7818,7819,7820
1946 7821,7822,7823,7824,7825
1947 7826,7827,7828
1948 7829,7830,7831
1949 7832,7833,7834
1950 7835,7836,7837
1951 7838,7839,7840,7841,7842
1952 7843,7844,7845
1953 7846,7847,7848,7849
1954 7850,7851,7852
1955 7853,7854,7855,7856,7857
1956 7858,7859,7860,7861
1957 7862,7863,7864,7865
1958 7866,7867,7868
1959 7869,7870,7871,7872,7873
1960 7874,7875,7876,7877
1961 7878,7879,7880
1962 7881,7882,7883
1963 7884,7885,7886,7887,7888
1964 7889,7890,7891
1965 7892,7893,7894
1966 7895,7896,7897,7898,7899
1967 7900,7901,7902
1968 7903,7904,7905
1969 7906,7907,7908,7909,7910
1970 7911,7912,7913,7914,7915
1971 7916,7917,7918,7919,7920
1972 7921,7922,7923
1973 7924,7925,7926
1974 7927,7928,7929
1975 7930,7931,7932
1976 7933,7934,7935,7936,7937
1977 7938,7939,7940,7941
1978 7942,7943,7944,7945,7946
1979 7947,7948,7949
1980 7950,7951,7952,7953,7954
1981 7955,7956,7957
1982 7958,7959,7960,7961,7962
1983 7963,7964,7965
1984 7966,7967,7968
1985 7969,7970,7971
1986 7972,7973,7974,7975
1987 7976,7977,7978,7979
1988 7980,7981,7982,7983
1989 7984,7985,7986,7987,7988
1990 7989,7990,7991,7992
1991 7993,7994,7995,7996
1992 7997,7998,7999,8000,8001
1993 8002,8003,8004,8005,8006
1994 8007,8008,8009,8010
1995 8011,8012,8013
1996 8014,8015,8016,8017
1997 8018,8019,8020,8021
1998 8022,8023,8024
1999 8025,8026,8027
2000 8028,8029,8030,8031
2001 8032,8033,8034,8035
2002 8036,8037,8038,8039
2003 8040,8041,8042
2004 8043,8044,8045,8046,8047
2005 8048,8049,8050,8051,8052
2006 8053,8054,8055
2007 8056,8057,8058
2008 8059,8060,8061,8062
2009 8063,8064,8065,8066
2010 8067,8068,8069,8070,8071
2011 8072,8073,8074
2012 8075,8076,8077
2013 8078,8079,8080,8081,8082
2014 8083,8084,8085,8086,8087
2015 8088,8089,8090,8091
2016 8092,8093,8094
2017 8095,8096,8097,8098,8099
2018 8100,8101,8102,8103,8104
2019 8105,8106,8107,8108,8109
2020 8110,8111,8112
2021 8113,8114,8115
2022 8116,8117,8118,8119,8120
2023 8121,8122,8123
2024 8124,8125,8126,8127
2025 8128,8129,8130,8131
2026 8132,8133,8134
2027 8135,8136,8137,8138
2028 8139,8140,8141,8142,8143
2029 8144,8145,8146
2030 8147,8148,8149,8150,8151
2031 8152,8153,8154,8155,8156
2032 8157,8158,8159,8160,8161
2033 8162,8163,8164,8165,8166
2034 8167,8168,8169,8170,8171
2035 8172,8173,8174,8175,8176
2036 8177,8178,8179
2037 8180,8181,8182,8183
2038 8184,8185,8186,8187
2039 8188,8189,8190
2040 8191,8192,8193,8194
2041 8195,8196,8197,8198
2042 8199,8200,8201,8202
2043 8203,8204,8205
2044 8206,8207,8208,8209,8210
2045 8211,8212,8213,8214
2046 8215,8216,8217,8218
2047 8219,8220,8221,8222,8223
2048 8224,8225,8226,8227,8228
2049 8229,8230,8231,8232,8233
2050 8234,8235,8236,8237
2051 8238,8239,8240,8241
2052 8242,8243,8244
2053 8245,8246,8247,8248,8249
2054 8250,8251,8252
2055 8253,8254,8255,8256
2056 8257,8258,8259,8260,8261
2057 8262,8263,8264,8265,8266
2058 8267,8268,8269,8270
2059 8271,8272,8273,8274,8275
2060 8276,8277,8278,8279
2061 8280,8281,8282,8283
2062 8284,8285,8286
2063 8287,8288,8289,8290,8291
2064 8292,8293,8294,8295
2065 8296,8297,8298,8299
2066 8300,8301,8302,8303
2067 8304,8305,8306
2068 8307,8308,8309,8310,8311
2069 8312,8313,8314,8315
2070 8316,8317,8318,8319,8320
2071 8321,8322,8323,8324
2072 8325,8326,8327
2073 8328,8329,8330,8331
2074 8332,8333,8334,8335,8336
2075 8337,8338,8339
2076 8340,8341,8342,8343,8344
2077 8345,8346,8347,8348,8349
2078 8350,8351,8352
2079 8353,8354,8355,8356,8357
2080 8358,8359,8360,8361
2081 8362,8363,8364
2082 8365,8366,8367,8368
2083 8369,8370,8371
2084 8372,8373,8374,8375,8376
2085 8377,8378,8379
2086 8380,8381,8382,8383
2087 8384,8385,8386
2088 8387,8388,8389,8390
2089 8391,8392,8393,8394,8395
2090 8396,8397,8398,8399
2091 8400,8401,8402,8403
2092 8404,8405,8406,8407
2093 8408,8409,8410,8411,8412
2094 8413,8414,8415,8416
2095 8417,8418,8419,8420,8421
2096 8422,8423,8424,8425,8426
2097 8427,8428,8429,8430
2098 8431,8432,8433
2099 8434,8435,8436,8437
2100 8438,8439,8440,8441
2101 8442,8443,8444
2102 8445,8446,8447
2103 8448,8449,8450,8451
2104 8452,8453,8454,8455,8456
2105 8457,8458,8459,8460,8461
2106 8462,8463,8464,8465,8466
2107 8467,8468,8469,8470,8471
2108 8472,8473,8474
2109 8475,8476,8477,8478,8479
2110 8480,8481,8482,8483
2111 8484,8485,8486,8487,8488
2112 8489,8490,8491,8492
2113 8493,8494,8495,8496,8497
2114 8498,8499,8500,8501
2115 8502,8503,8504
2116 8505,8506,8507,8508,8509
2117 8510,8511,8512,8513
2118 8514,8515,8516,8517,8518
2119 8519,8520,8521,8522
2120 8523,8524,8525
2121 8526,8527,8528
2122 8529,8530,8531,8532
2123 8533,8534,8535,8536,8537
2124 8538,8539,8540
2125 8541,8542,8543,8544,8545
2126 8546,8547,8548,8549
2127 8550,8551,8552,8553,8554
2128 8555,8556,8557
2129 8558,8559,8560,8561
2130 8562,8563,8564,8565,8566
2131 8567,8568,8569
2132 8570,8571,8572,8573
2133 8574,8575,8576,8577
2134 8578,8579,8580
2135 8581,8582,8583,8584,8585
2136 8586,8587,8588
2137 8589,8590,8591
2138 8592,8593,8594
2139 8595,8596,8597
2140 8598,8599,8600,8601,8602
2141 8603,8604,8605,8606,8607
2142 8608,8609,8610
2143 8611,8612,8613
2144 8614,8615,8616,8617
2145 8618,8619,8620,8621
2146 8622,8623,8624,8625
2147 8626,8627,8628,8629,8630
2148 8631,8632,8633,8634
2149 8635,8636,8637,8638
2150 8639,8640,8641,8642,8643
2151 8644,8645,8646,8647,8648
2152 8649,8650,8651,8652
2153 8653,8654,8655
2154 8656,8657,8658
2155 8659,8660,8661,8662,8663
2156 8664,8665,8666,8667
2157 8668,8669,8670
2158 8671,8672,8673,8674
2159 8675,8676,8677,8678
2160 8679,8680,8681
2161 8682,8683,8684
2162 8685,8686,8687,8688
2163 8689,8690,8691,8692
2164 8693,8694,8695,8696
2165 8697,8698,8699,8700,8701
2166 8702,8703,8704,8705
2167 8706,8707,8708,8709
2168 8710,8711,8712
2169 8713,8714,8715,8716
2170 8717,8718,8719,8720,8721
2171 8722,8723,8724,8725,8726
2172 8727,8728,8729,8730,8731
2173 8732,8733,8734,8735,8736
2174 8737,8738,8739,8740
2175 8741,8742,8743,8744,8745
2176 8746,8747,8748,8749
2177 8750,8751,8752,8753,8754
2178 8755,8756,8757,8758,8759
2179 8760,8761,8762,8763
2180 8764,8765,8766,8767
2181 8768,8769,8770,8771,8772
2182 8773,8774,8775,8776
2183 8777,8778,8779,8780
2184 8781,8782,8783,8784
2185 8785,8786,8787,8788,8789
2186 8790,8791,8792,8793
2187 8794,8795,8796,8797
2188 8798,8799,8800,8801,8802
2189 8803,8804,8805,8806,8807
2190 8808,8809,8810,8811
2191 8812,8813,8814,8815
2192 8816,8817,8818
2193 8819,8820,8821,8822,8823
2194 8824,8825,8826
2195 8827,8828,8829,8830,8831
2196 8832,8833,8834
2197 8835,8836,8837
2198 8838,8839,8840,8841
2199 8842,8843,8844,8845,8846
2200 8847,8848,8849
2201 8850,8851,8852,8853
2202 8854,8855,8856
2203 8857,8858,8859,8860
2204 8861,8862,8863
2205 8864,8865,8866
2206 8867,8868,8869
2207 8870,8871,8872
2208 8873,8874,8875,8876
2209 8877,8878,8879,8880
2210 8881,8882,8883,8884
2211 8885,8886,8887,8888,8889
2212 8890,8891,8892
2213 8893,8894,8895
2214 8896,8897,8898,8899,8900
2215 8901,8902,8903
2216 8904,8905,8906,8907
2217 8908,8909,8910
2218 8911,8912,8913
2219 8914,8915,8916
2220 8917,8918,8919,8920
2221 8921,8922,8923,8924
2222 8925,8926,8927,8928
2223 8929,8930,8931
2224 8932,8933,8934,8935,8936
2225 8937,8938,8939
2226 8940,8941,8942,8943
2227 8944,8945,8946,8947,8948
2228 8949,8950,8951,8952,8953
2229 8954,8955,8956,8957,8958
2230 8959,8960,8961
2231 8962,8963,8964,8965
2232 8966,8967,8968,8969,8970
2233 8971,8972,8973,8974
2234 8975,8976,8977,8978,8979
2235 8980,8981,8982,8983
2236 8984,8985,8986
2237 8987,8988,8989,8990,8991
2238 8992,8993,8994,8995,8996
2239 8997,8998,8999,9000,9001
2240 9002,9003,9004,9005
2241 9006,9007,9008,9009,9010
2242 9011,9012,9013,9014
2243 9015,9016,9017,9018
2244 9019,9020,9021,9022,9023
2245 9024,9025,9026
2246 9027,9028,9029,9030,9031
2247 9032,9033,9034
2248 9035,9036,9037,9038
2249 9039,9040,9041,9042,9043
2250 9044,9045,9046,9047
2251 9048,9049,9050,9051
2252 9052,9053,9054,9055,9056
2253 9057,9058,9059,9060,9061
2254 9062,9063,9064
2255 9065,9066,9067,9068,9069
2256 9070,9071,9072
2257 9073,9074,9075,9076
2258 9077,9078,9079,9080,9081
2259 9082,9083,9084
2260 9085,9086,9087,9088
2261 9089,9090,9091,9092,9093
2262 9094,9095,9096
2263 9097,9098,9099,9100,9101
2264 9102,9103,9104,9105,9106
2265 9107,9108,9109,9110
2266 9111,9112,9113
2267 9114,9115,9116,9117,9118
2268 9119,9120,9121,9122
2269 9123,9124,9125,9126,9127
2270 9128,9129,9130,9131,9132
2271 9133,9134,9135,9136,9137
2272 9138,9139,9140,9141
2273 9142,9143,9144,9145
2274 9146,9147,9148
2275 9149,9150,9151
2276 9152,9153,9154,9155
2277 9156,9157,9158,9159,9160
2278 9161,9162,9163,9164,9165
2279 9166,9167,9168
2280 9169,9170,9171
2281 9172,9173,9174,9175,9176
2282 9177,9178,9179,9180,9181
2283 9182,9183,9184,9185,9186
2284 9187,9188,9189
2285 9190,9191,9192,9193,9194
2286 9195,9196,9197
2287 9198,9199,9200
2288 9201,9202,9203,9204
2289 9205,9206,9207,9208,9209
2290 9210,9211,9212,9213,9214
2291 9215,9216,9217,9218
2292 9219,9220,9221
2293 9222,9223,9224
2294 9225,9226,9227
2295 9228,9229,9230
2296 9231,9232,9233,9234
2297 9235,9236,9237,9238,9239
2298 9240,9241,9242,9243,9244
2299 9245,9246,9247,9248
2300 9249,9250,9251,9252,9253
2301 9254,9255,9256,9257
2302 9258,9259,9260
2303 9261,9262,9263,9264
2304 9265,9266,9267
2305 9268,9269,9270,9271
2306 9272,9273,9274
2307 9275,9276,9277
2308 9278,9279,9280,9281,9282
2309 9283,9284,9285
2310 9286,9287,9288,9289,9290
2311 9291,9292,9293,9294
2312 9295,9296,9297
2313 9298,9299,9300,9301
2314 9302,9303,9304,9305,9306
2315 9307,9308,9309,9310,9311
2316 9312,9313,9314,9315,9316
2317 9317,9318,9319,9320
2318 9321,9322,9323
2319 9324,9325,9326,9327
2320 9328,9329,9330
2321 9331,9332,9333
2322 9334,9335,9336,9337,9338
2323 9339,9340,9341
2324 9342,9343,9344
2325 9345,9346,9347,9348,9349
2326 9350,9351,9352,9353
2327 9354,9355,9356,9357,9358
2328 9359,9360,9361
2329 9362,9363,9364
2330 9365,9366,9367
2331 9368,9369,9370,9371,9372
2332 9373,9374,9375,9376,9377
2333 9378,9379,9380,9381,9382
2334 9383,9384,9385,9386
2335 9387,9388,9389
2336 9390,9391,9392
2337 9393,9394,9395
2338 9396,9397,9398,9399
2339 9400,9401,9402,9403,9404
2340 9405,9406,9407,9408,9409
2341 9410,9411,9412
2342 9413,9414,9415,9416,9417
2343 9418,9419,9420
2344 9421,9422,9423,9424
2345 9425,9426,9427,9428,9429
2346 9430,9431,9432,9433,9434
2347 9435,9436,9437,9438,9439
2348 9440,9441,9442,9443
2349 9444,9445,9446
2350 9447,9448,9449
2351 9450,9451,9452
2352 9453,9454,9455,9456,9457
2353 9458,9459,9460
2354 9461,9462,9463
2355 9464,9465,9466,9467
2356 9468,9469,9470
2357 9471,9472,9473
2358 9474,9475,9476,9477
2359 9478,9479,9480
2360 9481,9482,9483
2361 9484,9485,9486,9487
2362 9488,9489,9490,9491,9492
2363 9493,9494,9495,9496,9497
2364 9498,9499,9500,9501,9502
2365 9503,9504,9505,9506
2366 9507,9508,9509,9510
2367 9511,9512,9513
2368 9514,9515,9516,9517,9518
2369 9519,9520,9521,9522
2370 9523,9524,9525,9526,9527
2371 9528,9529,9530,9531,9532
2372 9533,9534,9535,9536
2373 9537,9538,9539,9540,9541
2374 9542,9543,9544,9545,9546
2375 9547,9548,9549
2376 9550,9551,9552
2377 9553,9554,9555,9556
2378 9557,9558,9559,9560,9561
2379 9562,9563,9564,9565,9566
2380 9567,9568,9569,9570,9571
2381 9572,9573,9574
2382 9575,9576,9577
2383 9578,9579,9580,9581,9582
2384 9583,9584,9585,9586
2385 9587,9588,9589,9590
2386 9591,9592,9593,9594,9595
2387 9596,9597,9598,9599,9600
2388 9601,9602,9603
2389 9604,9605,9606
2390 9607,9608,9609
2391 9610,9611,9612
2392 9613,9614,9615,9616
2393 9617,9618,9619
2394 9620,9621,9622,9623
2395 9624,9625,9626,9627
2396 9628,9629,9630
2397 9631,9632,9633,9634
2398 9635,9636,9637
2399 9638,9639,9640
2400 9641,9642,9643,9644,9645
2401 9646,9647,9648,9649,9650
2402 9651,9652,9653,9654,9655
2403 9656,9657,9658
2404 9659,9660,9661,9662
2405 9663,9664,9665
2406 9666,9667,9668,9669,9670
2407 9671,9672,9673,9674,9675
2408 9676,9677,9678,9679,9680
2409 9681,9682,9683,9684,9685
2410 9686,9687,9688,9689
2411 9690,9691,9692
2412 9693,9694,9695,9696
2413 9697,9698,9699,9700,9701
2414 9702,9703,9704,9705
2415 9706,9707,9708
2416 9709,9710,9711,9712,9713
2417 9714,9715,9716,9717,9718
2418 9719,9720,9721,9722,9723
2419 9724,9725,9726,9727
2420 9728,9729,9730
2421 9731,9732,9733
2422 9734,9735,9736,9737
2423 9738,9739,9740,9741
2424 9742,9743,9744
2425 9745,9746,9747,9748
2426 9749,9750,9751,9752,9753
2427 9754,9755,9756
2428 9757,9758,9759
2429 9760,9761,9762,9763,9764
2430 9765,9766,9767
2431 9768,9769,9770
2432 9771,9772,9773
2433 9774,9775,9776
2434 9777,9778,9779,9780,9781
2435 9782,9783,9784,9785,9786
2436 9787,9788,9789,9790
2437 9791,9792,9793,9794
2438 9795,9796,9797
2439 9798,9799,9800,9801
2440 9802,9803,9804
2441 9805,9806,9807,9808,9809
2442 9810,9811,9812,9813
2443 9814,9815,9816,9817
2444 9818,9819,9820
2445 9821,9822,9823,9824,9825
2446 9826,9827,9828,9829,9830
2447 9831,9832,9833,9834
2448 9835,9836,9837,9838,9839
2449 9840,9841,9842,9843
2450 9844,9845,9846,9847
2451 9848,9849,9850
2452 9851,9852,9853,9854
2453 9855,9856,9857,9858
2454 9859,9860,9861,9862
2455 9863,9864,9865,9866,9867
2456 9868,9869,9870,9871
2457 9872,9873,9874
2458 9875,9876,9877,9878
2459 9879,9880,9881
2460 9882,9883,9884,9885,9886
2461 9887,9888,9889,9890
2462 9891,9892,9893,9894,9895
2463 9896,9897,9898,9899,9900
2464 9901,9902,9903
2465 9904,9905,9906
2466 9907,9908,9909,9910,9911
2467 9912,9913,9914
2468 9915,9916,9917,9918
2469 9919,9920,9921
2470 9922,9923,9924,9925
2471 9926,9927,9928
2472 9929,9930,9931,9932,9933
2473 9934,9935,9936,9937,9938
2474 9939,9940,9941,9942,9943
2475 9944,9945,9946,9947,9948
2476 9949,9950,9951,9952,9953
2477 9954,9955,9956
2478 9957,9958,9959
2479 9960,9961,9962,9963,9964
2480 9965,9966,9967
2481 9968,9969,9970,9971
2482 9972,9973,9974
2483 9975,9976,9977,9978,9979
2484 9980,9981,9982,9983
2485 9984,9985,9986
2486 9987,9988,9989,9990,9991
2487 9992,9993,9994,9995,9996
2488 9997,9998,9999,10000
2489 10001,10002,10003
2490 10004,10005,10006,10007
2491 10008,10009,10010,10011
2492 10012,10013,10014,10015
2493 10016,10017,10018
2494 10019,10020,10021,10022,10023
2495 10024,10025,10026,10027,10028
2496 10029,10030,10031,10032,10033
2497 10034,10035,10036,10037
2498 10038,10039,10040,10041,10042
2499 10043,10044,10045,10046,10047
2500 10048,10049,10050,10051,10052
2501 10053,10054,10055
2502 10056,10057,10058
2503 10059,10060,10061
2504 10062,10063,10064,10065,10066
2505 10067,10068,10069,10070,10071
2506 10072,10073,10074,10075
2507 10076,10077,10078
2508 10079,10080,10081,10082,10083
2509 10084,10085,10086,10087,10088
2510 10089,10090,10091
2511 10092,10093,10094,10095,10096
2512 10097,10098,10099,10100,10101
2513 10102,10103,10104,10105
2514 10106,10107,10108
2515 10109,10110,10111,10112,10113
2516 10114,10115,10116,10117
2517 10118,10119,10120
2518 10121,10122,10123,10124
2519 10125,10126,10127,10128,10129
2520 10130,10131,10132
2521 10133,10134,10135,10136
2522 10137,10138,10139,10140,10141
2523 10142,10143,10144,10145
2524 10146,10147,10148,10149,10150
2525 10151,10152,10153,10154,10155
2526 10156,10157,10158
2527 10159,10160,10161
2528 10162,10163,10164,10165
2529 10166,10167,10168
2530 10169,10170,10171,10172
2531 10173,10174,10175
2532 10176,10177,10178,10179
2533 10180,10181,10182,10183
2534 10184,10185,10186,10187
2535 10188,10189,10190,10191,10192
2536 10193,10194,10195
2537 10196,10197,10198
2538 10199,10200,10201,10202,10203
2539 10204,10205,10206
2540 10207,10208,10209,10210
2541 10211,10212,10213,10214
2542 10215,10216,10217,10218,10219
2543 10220,10221,10222,10223,10224
2544 10225,10226,10227,10228
2545 10229,10230,10231,10232
2546 10233,10234,10235
2547 10236,10237,10238,10239
2548 10240,10241,10242
2549 10243,10244,10245
2550 10246,10247,10248,10249,10250
2551 10251,10252,10253,10254,10255
2552 10256,10257,10258,10259
2553 10260,10261,10262,10263,10264
2554 10265,10266,10267,10268
2555 10269,10270,10271
2556 10272,10273,10274,10275,10276
2557 10277,10278,10279,10280
2558 10281,10282,10283
2559 10284,10285,10286
2560 10287,10288,10289,10290
2561 10291,10292,10293
2562 10294,10295,10296
2563 10297,10298,10299,10300
2564 10301,10302,10303,10304
2565 10305,10306,10307
2566 10308,10309,10310
2567 10311,10312,10313,10314
2568 10315,10316,10317
2569 10318,10319,10320,10321,10322
2570 10323,10324,10325
2571 10326,10327,10328
2572 10329,10330,10331,10332,10333
2573 10334,10335,10336
2574 10337,10338,10339
2575 10340,10341,10342,10343,10344
2576 10345,10346,10347,10348
2577 10349,10350,10351
2578 10352,10353,10354
2579 10355,10356,10357,10358
2580 10359,10360,10361,10362
2581 10363,10364,10365,10366
2582 10367,10368,10369
2583 10370,10371,10372
2584 10373,10374,10375,10376
2585 10377,10378,10379
2586 10380,10381,10382
2587 10383,10384,10385,10386
2588 10387,10388,10389
2589 10390,10391,10392,10393,10394
2590 10395,10396,10397,10398
2591 10399,10400,10401
2592 10402,10403,10404,10405,10406
2593 10407,10408,10409,10410,10411
2594 10412,10413,10414,10415,10416
2595 10417,10418,10419,10420,10421
2596 10422,10423,10424
2597 10425,10426,10427,10428,10429
2598 10430,10431,10432,10433,10434
2599 10435,10436,10437,10438
2600 10439,10440,10441,10442
2601 10443,10444,10445,10446
2602 10447,10448,10449,10450
2603 10451,10452,10453
2604 10454,10455,10456,10457
2605 10458,10459,10460
2606 10461,10462,10463
2607 10464,10465,10466
2608 10467,10468,10469,10470
2609 10471,10472,10473,10474
2610 10475,10476,10477,10478,10479
2611 10480,10481,10482,10483,10484
2612 10485,10486,10487,10488
2613 10489,10490,10491,10492
2614 10493,10494,10495
2615 10496,10497,10498,10499
2616 10500,10501,10502,10503,10504
2617 10505,10506,10507,10508
2618 10509,10510,10511,10512
2619 10513,10514,10515,10516
2620 10517,10518,10519
2621 10520,10521,10522,10523,10524
2622 10525,10526,10527
2623 10528,10529,10530
2624 10531,10532,10533,10534
2625 10535,10536,10537,10538
2626 10539,10540,10541,10542
2627 10543,10544,10545,10546
2628 10547,10548,10549
2629 10550,10551,10552,10553,10554
2630 10555,10556,10557,10558,10559
2631 10560,10561,10562
2632 10563,10564,10565,10566,10567
2633 10568,10569,10570,10571
2634 10572,10573,10574,10575
2635 10576,10577,10578,10579
2636 10580,10581,10582
2637 10583,10584,10585,10586
2638 10587,10588,10589,10590
2639 10591,10592,10593,10594
2640 10595,10596,10597,10598
2641 10599,10600,10601
2642 10602,10603,10604,10605
2643 10606,10607,10608,10609,10610
2644 10611,10612,10613,10614
2645 10615,10616,10617,10618,10619
2646 10620,10621,10622
2647 10623,10624,10625,10626
2648 10627,10628,10629
2649 10630,10631,10632
2650 10633,10634,10635,10636,10637
2651 10638,10639,10640
2652 10641,10642,10643
2653 10644,10645,10646,10647
2654 10648,10649,10650,10651,10652
2655 10653,10654,10655,10656
2656 10657,10658,10659
2657 10660,10661,10662
2658 10663,10664,10665,10666
2659 10667,10668,10669,10670,10671
2660 10672,10673,10674
2661 10675,10676,10677,10678
2662 10679,10680,10681,10682,10683
2663 10684,10685,10686,10687
2664 10688,10689,10690,10691
2665 10692,10693,10694,10695
2666 10696,10697,10698,10699,10700
2667 10701,10702,10703,10704
2668 10705,10706,10707
2669 10708,10709,10710,10711,10712
2670 10713,10714,10715,10716
2671 10717,10718,10719,10720,10721
2672 10722,10723,10724,10725
2673 10726,10727,10728,10729,10730
2674 10731,10732,10733,10734,10735
2675 10736,10737,10738,10739
